知道了	OK
对话框	Dialog
取消	Cancel
确定	Confirm
已复制，请粘贴到 Discord	Copied — paste it into Discord
复制失败，请手动全选复制	Copy failed; select all and copy by hand
复制	Copy
读取文件失败	Couldn't read the file
演示	Demo
数值	Value
请输入数字	Please enter a number
减少	Decrease
增加	Increase
正常	OK
提示	Info
注意	Caution
危险	Danger
已选	Picked
浏览器不允许读取剪贴板：请长按或右键粘贴到框里	The browser won't let the page read the clipboard: long-press or right-click to paste into the box
从剪贴板粘贴	Paste from clipboard
已选这张	Picked
对局已暂停，现在只能查看	The game is paused; view only for now
对局不在进行中，现在只能查看	The game isn't in progress; view only for now
另一台设备更新了存档：已载入最新	Another device updated the save: latest version loaded
服务器上的存档刚被更新：已载入最新，你最后一步操作没有保存，请重做	The save on the server was just updated: latest version loaded. Your last action wasn't saved, please redo it
对局现在不能修改：已恢复为服务器上的存档	The game can't be changed right now: restored the server's save
连不上服务器，请稍后刷新重试。	Cannot reach the server. Refresh and try again later.
登录已失效：请回到大厅重新登录。	Your session has expired: go back to the lobby and log in again.
你在这局里没有座位。	You don't have a seat in this game.
对局还没开始：主导在大厅点「开始对局」后才能进入面板。	The game hasn't started: panels open once the lead presses “Start game” in the lobby.
存档已更新	Save updated
联机对局：	Online game: 
对局已暂停，现在只能查看：	Game paused, view only: 
对局不在进行中，现在只能查看：	Game not in progress, view only: 
返回大厅	Back to lobby
载入失败：	Failed to load: 
座位 	Seat 
已离开的座位	Former seat
（空座位）	(empty seat)
输入私信…	Type a message…
私信内容	Message
这个座位现在没有人	No one is in this seat right now
发送失败：	Failed to send: 
这局里还没有别人。	No one else is in this game yet.
还没有私信。	No messages yet.
对局已结束，不能再发私信。	The game has ended; no more messages can be sent.
发送	Send
这个座位现在没有人。	No one is in this seat right now.
私信需要 1～2000 个字。	Messages must be 1–2000 characters.
搜刮交公	Scavenge hand-in
开局领取	Opening pick
主持人发放	Host grant
待确认	Pending
已接收	Accepted
已拒收	Declined
已撤回	Withdrawn
对局不在进行中，现在不能处理交接。	The game isn't in progress; transfers can't be handled right now.
数量不够。	Not enough items.
携带中的物品被锁定：先结束携带再转出。	Carried items are locked: end carry mode before giving them away.
交出的物品和对方要的不一致。	The items given don't match what was asked for.
这张交接单已经处理过了。	This transfer has already been handled.
对方现在不在座位上。	No one is in that seat right now.
这件补给已经发过了。	This supply item has already been sent.
交接失败：	Transfer failed: 
：需要 	: need 
，你只有 	, you have 
：选 	: pick 
交易：交出对方要的物品	Trade: give what they asked for
收到：	You get: 
你需要交出：	You need to give:
确认交易	Confirm trade
物品不够，不能完成这笔交易	Not enough items to complete this trade
需要正好选 	 needs exactly 
 ⇄ 换取 	 ⇄ for 
对方交出：	They gave: 
附言：	Note: 
交接	Transfers
 件待你处理	 waiting for you
待你处理	Waiting for you
交易…	Trade…
接收	Accept
拒收	Decline
你发出的（等对方确认）	Sent by you (awaiting confirmation)
玩家之间待确认	Pending between players
没有待处理的交接。	No pending transfers.
全部记录	All records
最近的记录	Recent records
等对方回答	Awaiting reply
等主持人	Awaiting host
主持人已采用	Adopted by host
主持人没有采用	Not adopted
行动：	Action: 
守夜卡片：	Watch card: 
全员守夜	Everyone keeps watch
（卡片）	(card)
请求与 	Asked 
 换位	 to swap seats
：对方同意	: they agreed
：对方拒绝	: they declined
末位拍板：	Last seat decides: 
选第 	picked #
 份（	 (
从 	choose one of 
 份名单里选一份	 rosters
分数上报：钞票 	Score report: cash 
、名画 	, paintings 
、珠宝 	, jewels 
、地图笔记 	, map notes 
对局不在进行中，现在不能提交。	The game isn't in progress; you can't submit right now.
主持人已经记录了你今天的行动。	The host has already recorded your action for today.
这份提交已经处理过了。	This submission has already been handled.
提交失败：	Submission failed: 
投票中	Voting
已取消	Cancelled
对局不在进行中，现在不能投票。	The game isn't in progress; you can't vote right now.
投票已经结束了。	Voting has ended.
你不在这次投票的名单里。	You're not on the list for this vote.
先结束投票，再采用结果。	End the vote before adopting a result.
投票失败：	Vote failed: 
 票	 votes
最终采用	Adopted
已投 	Voted 
　结束前可以改票；票数在投票结束后公开。	  You can change your vote until it ends; counts are revealed afterwards.
　你不在这次投票的名单里。	  You're not on the list for this vote.
结束投票	End vote
取消投票	Cancel vote
平票：请选一项	Tie: pick one
没有人投票：请主持人决定	No votes: the host decides
采用「	Adopt “
补给选择（	Supply pick (
选了 	picked 
 件候选里选一件	 candidates: pick one
